[{"id":"user-image-Capturadepantalla2025-05-01223051.png","fileName":"Capturadepantalla2025-05-01223051.png","name":"Capturadepantalla2025-05-01223051","publicUrl":"https://assets.nicepagecdn.com/4df2e824/6498414/images/Capturadepantalla2025-05-01223051.png","size":428636,"hash":"PJbGf8/hpYxVrrx+n6sKfPMGjL8=","width":620,"height":749,"folderId":null,"thumbnail":{"url":"https://assets.nicepagecdn.com/4df2e824/6498414/images/thumbnails/Capturadepantalla2025-05-01223051.png","width":124,"height":150},"usages":["275543257"]},{"id":"user-image-Capturadepantalla2025-05-01223037.png","fileName":"Capturadepantalla2025-05-01223037.png","name":"Capturadepantalla2025-05-01223037","publicUrl":"https://assets.nicepagecdn.com/4df2e824/6498414/images/Capturadepantalla2025-05-01223037.png","size":426808,"hash":"4Q2KVME+FmCNB3nvDNn0BiFPUak=","width":618,"height":755,"folderId":null,"thumbnail":{"url":"https://assets.nicepagecdn.com/4df2e824/6498414/images/thumbnails/Capturadepantalla2025-05-01223037.png","width":123,"height":150},"usages":["275543257"]},{"id":"user-image-Capturadepantalla2025-05-01223024.png","fileName":"Capturadepantalla2025-05-01223024.png","name":"Capturadepantalla2025-05-01223024","publicUrl":"https://assets.nicepagecdn.com/4df2e824/6498414/images/Capturadepantalla2025-05-01223024.png","size":411210,"hash":"5H2gY5pyRLxqRQKO4zoNOIjU5LU=","width":619,"height":746,"folderId":null,"thumbnail":{"url":"https://assets.nicepagecdn.com/4df2e824/6498414/images/thumbnails/Capturadepantalla2025-05-01223024.png","width":124,"height":150},"usages":["275543257"]},{"id":"user-image-Capturadepantalla2025-05-01223013.png","fileName":"Capturadepantalla2025-05-01223013.png","name":"Capturadepantalla2025-05-01223013","publicUrl":"https://assets.nicepagecdn.com/4df2e824/6498414/images/Capturadepantalla2025-05-01223013.png","size":430867,"hash":"WxaSQVRG9J0G60Elmhl4ddsq0kM=","width":620,"height":747,"folderId":null,"thumbnail":{"url":"https://assets.nicepagecdn.com/4df2e824/6498414/images/thumbnails/Capturadepantalla2025-05-01223013.png","width":124,"height":150},"usages":["275543257"]},{"id":"user-image-Capturadepantalla2025-05-01222959.png","fileName":"Capturadepantalla2025-05-01222959.png","name":"Capturadepantalla2025-05-01222959","publicUrl":"https://assets.nicepagecdn.com/4df2e824/6498414/images/Capturadepantalla2025-05-01222959.png","size":293822,"hash":"wezjzz0tj9QilAJJOX+5V3kxvZ0=","width":492,"height":606,"folderId":null,"thumbnail":{"url":"https://assets.nicepagecdn.com/4df2e824/6498414/images/thumbnails/Capturadepantalla2025-05-01222959.png","width":122,"height":150},"usages":["275543257"]},{"id":"user-image-Capturadepantalla2025-05-01222946.png","fileName":"Capturadepantalla2025-05-01222946.png","name":"Capturadepantalla2025-05-01222946","publicUrl":"https://assets.nicepagecdn.com/4df2e824/6498414/images/Capturadepantalla2025-05-01222946.png","size":416920,"hash":"Jnp7FuI0BkoCERtKn7Y5rIsAGoU=","width":621,"height":756,"folderId":null,"thumbnail":{"url":"https://assets.nicepagecdn.com/4df2e824/6498414/images/thumbnails/Capturadepantalla2025-05-01222946.png","width":123,"height":150},"usages":["275543257"]},{"id":"user-image-1081db5fcec9727f896d66a3374163b252c81f0eb8cf6468146f10ec7f5cb49551f9e3da966a059e357855eb27d75228d0073820ad48c0581267c6_1280.jpg","fileName":"1081db5fcec9727f896d66a3374163b252c81f0eb8cf6468146f10ec7f5cb49551f9e3da966a059e357855eb27d75228d0073820ad48c0581267c6_1280.jpg","name":"1081db5fcec9727f896d66a3374163b252c81f0eb8cf6468146f10ec7f5cb49551f9e3da966a059e357855eb27d75228d0073820ad48c0581267c6_1280","publicUrl":"https://assets.nicepagecdn.com/4df2e824/6498414/images/1081db5fcec9727f896d66a3374163b252c81f0eb8cf6468146f10ec7f5cb49551f9e3da966a059e357855eb27d75228d0073820ad48c0581267c6_1280.jpg","size":130750,"hash":"etrzXXHP7sjwRBwLYKRDsy8j+Z8=","width":1280,"height":808,"folderId":null,"thumbnail":{"url":"https://assets.nicepagecdn.com/4df2e824/6498414/images/thumbnails/1081db5fcec9727f896d66a3374163b252c81f0eb8cf6468146f10ec7f5cb49551f9e3da966a059e357855eb27d75228d0073820ad48c0581267c6_1280.jpg","width":150,"height":95},"usages":["275543257"]},{"id":"user-image-Capturadepantalla2025-05-01221923.png","fileName":"Capturadepantalla2025-05-01221923.png","name":"Capturadepantalla2025-05-01221923","publicUrl":"https://assets.nicepagecdn.com/4df2e824/6498414/images/Capturadepantalla2025-05-01221923.png","size":938585,"hash":"ZFN07P+3AkRxcNzsz4rtt5nvn8U=","width":737,"height":777,"folderId":null,"thumbnail":{"url":"https://assets.nicepagecdn.com/4df2e824/6498414/images/thumbnails/Capturadepantalla2025-05-01221923.png","width":142,"height":150},"usages":["275543257"]},{"id":"user-image-Capturadepantalla2025-05-01221443.png","fileName":"Capturadepantalla2025-05-01221443.png","name":"Capturadepantalla2025-05-01221443","publicUrl":"https://assets.nicepagecdn.com/4df2e824/6498414/images/Capturadepantalla2025-05-01221443.png","size":288283,"hash":"yz8vvpS9AfeHMskGdGB+/RNlRH0=","width":484,"height":407,"folderId":null,"thumbnail":{"url":"https://assets.nicepagecdn.com/4df2e824/6498414/images/thumbnails/Capturadepantalla2025-05-01221443.png","width":150,"height":126},"usages":["275543257"]},{"id":"user-image-Capturadepantalla2025-05-01221341.png","fileName":"Capturadepantalla2025-05-01221341.png","name":"Capturadepantalla2025-05-01221341","publicUrl":"https://assets.nicepagecdn.com/4df2e824/6498414/images/Capturadepantalla2025-05-01221341.png","size":357657,"hash":"ivrxLZNklbdt3N+yYOt4++grKNI=","width":473,"height":575,"folderId":null,"thumbnail":{"url":"https://assets.nicepagecdn.com/4df2e824/6498414/images/thumbnails/Capturadepantalla2025-05-01221341.png","width":123,"height":150},"usages":["275543257"]},{"id":"user-image-Capturadepantalla2025-05-01220952.png","fileName":"Capturadepantalla2025-05-01220952.png","name":"Capturadepantalla2025-05-01220952","publicUrl":"https://assets.nicepagecdn.com/4df2e824/6498414/images/Capturadepantalla2025-05-01220952.png","size":706571,"hash":"aElq3u9hc+2IjY3L3hsFTaUmi9c=","width":645,"height":742,"folderId":null,"thumbnail":{"url":"https://assets.nicepagecdn.com/4df2e824/6498414/images/thumbnails/Capturadepantalla2025-05-01220952.png","width":130,"height":150},"usages":["275543257"]},{"id":"user-image-Capturadepantalla2025-05-01220658.png","fileName":"Capturadepantalla2025-05-01220658.png","name":"Capturadepantalla2025-05-01220658","publicUrl":"https://assets.nicepagecdn.com/4df2e824/6498414/images/Capturadepantalla2025-05-01220658.png","size":504710,"hash":"xK3y31uiL08tiHY22kRck4tA7S4=","width":744,"height":775,"folderId":null,"thumbnail":{"url":"https://assets.nicepagecdn.com/4df2e824/6498414/images/thumbnails/Capturadepantalla2025-05-01220658.png","width":144,"height":150},"usages":["275543257"]},{"id":"user-image-Capturadepantalla2025-05-01220457.png","fileName":"Capturadepantalla2025-05-01220457.png","name":"Capturadepantalla2025-05-01220457","publicUrl":"https://assets.nicepagecdn.com/4df2e824/6498414/images/Capturadepantalla2025-05-01220457.png","size":487007,"hash":"REj0JsOwin8QxMWe4UeGqTwX7hY=","width":864,"height":753,"folderId":null,"thumbnail":{"url":"https://assets.nicepagecdn.com/4df2e824/6498414/images/thumbnails/Capturadepantalla2025-05-01220457.png","width":150,"height":131},"usages":["275543257"]},{"id":"user-image-f3b1c3648e9cd79fd541d347fd1bfa0eba5c1ad9bf067eefdddbfe499d4a59118f7f35bc78f60b23f89d007cfed90df77a386420b6aa9d7b959678_1280.jpg","fileName":"f3b1c3648e9cd79fd541d347fd1bfa0eba5c1ad9bf067eefdddbfe499d4a59118f7f35bc78f60b23f89d007cfed90df77a386420b6aa9d7b959678_1280.jpg","name":"f3b1c3648e9cd79fd541d347fd1bfa0eba5c1ad9bf067eefdddbfe499d4a59118f7f35bc78f60b23f89d007cfed90df77a386420b6aa9d7b959678_1280","publicUrl":"https://assets.nicepagecdn.com/4df2e824/6498414/images/f3b1c3648e9cd79fd541d347fd1bfa0eba5c1ad9bf067eefdddbfe499d4a59118f7f35bc78f60b23f89d007cfed90df77a386420b6aa9d7b959678_1280.jpg","size":379320,"hash":"WaUrqq6PJc2V2MhZbh8iuH+CNpY=","width":1280,"height":731,"folderId":null,"thumbnail":{"url":"https://assets.nicepagecdn.com/4df2e824/6498414/images/thumbnails/f3b1c3648e9cd79fd541d347fd1bfa0eba5c1ad9bf067eefdddbfe499d4a59118f7f35bc78f60b23f89d007cfed90df77a386420b6aa9d7b959678_1280.jpg","width":150,"height":86},"usages":["275543257"]},{"id":"user-image-Capturadepantalla2025-05-01215449.png","fileName":"Capturadepantalla2025-05-01215449.png","name":"Capturadepantalla2025-05-01215449","publicUrl":"https://assets.nicepagecdn.com/4df2e824/6498414/images/Capturadepantalla2025-05-01215449.png","size":231629,"hash":"gFy9wXux0/9QAevG9pHiJba+5o4=","width":747,"height":755,"folderId":null,"thumbnail":{"url":"https://assets.nicepagecdn.com/4df2e824/6498414/images/thumbnails/Capturadepantalla2025-05-01215449.png","width":148,"height":150},"usages":["12304617"]},{"id":"user-image-5af4e61830dc4377c360172bc05d4533bc2340dda92fd0ec17b431d82b1d7756b6482d670f4fbe3d64b9d818fc6e67d02faaff884d9aa078fe4bed_1280.jpg","fileName":"5af4e61830dc4377c360172bc05d4533bc2340dda92fd0ec17b431d82b1d7756b6482d670f4fbe3d64b9d818fc6e67d02faaff884d9aa078fe4bed_1280.jpg","name":"5af4e61830dc4377c360172bc05d4533bc2340dda92fd0ec17b431d82b1d7756b6482d670f4fbe3d64b9d818fc6e67d02faaff884d9aa078fe4bed_1280","publicUrl":"https://assets.nicepagecdn.com/4df2e824/6498414/images/5af4e61830dc4377c360172bc05d4533bc2340dda92fd0ec17b431d82b1d7756b6482d670f4fbe3d64b9d818fc6e67d02faaff884d9aa078fe4bed_1280.jpg","size":314619,"hash":"CyVXsK3E8P38Q2V4GgPtbUKYwzw=","width":1280,"height":848,"folderId":null,"thumbnail":{"url":"https://assets.nicepagecdn.com/4df2e824/6498414/images/thumbnails/5af4e61830dc4377c360172bc05d4533bc2340dda92fd0ec17b431d82b1d7756b6482d670f4fbe3d64b9d818fc6e67d02faaff884d9aa078fe4bed_1280.jpg","width":150,"height":99},"usages":["12304617"]},{"id":"user-image-Capturadepantalla2025-05-01211826.png","fileName":"Capturadepantalla2025-05-01211826.png","name":"Capturadepantalla2025-05-01211826","publicUrl":"https://assets.nicepagecdn.com/4df2e824/6498414/images/Capturadepantalla2025-05-01211826.png","size":70496,"hash":"P9b9pD362iCqjiM3fNyJhZdTZcA=","width":996,"height":751,"folderId":null,"thumbnail":{"url":"https://assets.nicepagecdn.com/4df2e824/6498414/images/thumbnails/Capturadepantalla2025-05-01211826.png","width":150,"height":113},"usages":["12304617"]},{"id":"user-image-82e2b7bd98778461789d0c3247f1584d435e24f4d897eb29932aa297aa6b064f0ab0dcc15e083072690e0bdb851c85e0d7cdff94ff0b857e8859a9_1280.jpg","fileName":"82e2b7bd98778461789d0c3247f1584d435e24f4d897eb29932aa297aa6b064f0ab0dcc15e083072690e0bdb851c85e0d7cdff94ff0b857e8859a9_1280.jpg","name":"82e2b7bd98778461789d0c3247f1584d435e24f4d897eb29932aa297aa6b064f0ab0dcc15e083072690e0bdb851c85e0d7cdff94ff0b857e8859a9_1280","publicUrl":"https://assets.nicepagecdn.com/4df2e824/6498414/images/82e2b7bd98778461789d0c3247f1584d435e24f4d897eb29932aa297aa6b064f0ab0dcc15e083072690e0bdb851c85e0d7cdff94ff0b857e8859a9_1280.jpg","size":118836,"hash":"Ib0Gqvjil/mOTCdloxfmM79mJjo=","width":1280,"height":853,"folderId":null,"thumbnail":{"url":"https://assets.nicepagecdn.com/4df2e824/6498414/images/thumbnails/82e2b7bd98778461789d0c3247f1584d435e24f4d897eb29932aa297aa6b064f0ab0dcc15e083072690e0bdb851c85e0d7cdff94ff0b857e8859a9_1280.jpg","width":150,"height":100},"usages":["12304617"]},{"id":"user-image-Capturadepantalla2025-05-01210939.png","fileName":"Capturadepantalla2025-05-01210939.png","name":"Capturadepantalla2025-05-01210939","publicUrl":"https://assets.nicepagecdn.com/4df2e824/6498414/images/Capturadepantalla2025-05-01210939.png","size":78812,"hash":"6moqFToSPDb8p7VtAYZCvZhbLGM=","width":996,"height":755,"folderId":null,"thumbnail":{"url":"https://assets.nicepagecdn.com/4df2e824/6498414/images/thumbnails/Capturadepantalla2025-05-01210939.png","width":150,"height":114},"usages":["12304617"]},{"id":"user-image-22dece6eb8d09676d412ebf9df93098f125d89cdbb106f83cfe97c6cf6f7295456b3aae5da6982fb75d12001b7fb1542719d9fa057c82d89e694a8_1280.jpg","fileName":"22dece6eb8d09676d412ebf9df93098f125d89cdbb106f83cfe97c6cf6f7295456b3aae5da6982fb75d12001b7fb1542719d9fa057c82d89e694a8_1280.jpg","name":"22dece6eb8d09676d412ebf9df93098f125d89cdbb106f83cfe97c6cf6f7295456b3aae5da6982fb75d12001b7fb1542719d9fa057c82d89e694a8_1280","publicUrl":"https://assets.nicepagecdn.com/4df2e824/6498414/images/22dece6eb8d09676d412ebf9df93098f125d89cdbb106f83cfe97c6cf6f7295456b3aae5da6982fb75d12001b7fb1542719d9fa057c82d89e694a8_1280.jpg","size":415296,"hash":"wnmshL5ub3D5UTw0TAgqYbTnCBs=","width":1280,"height":1010,"folderId":null,"thumbnail":{"url":"https://assets.nicepagecdn.com/4df2e824/6498414/images/thumbnails/22dece6eb8d09676d412ebf9df93098f125d89cdbb106f83cfe97c6cf6f7295456b3aae5da6982fb75d12001b7fb1542719d9fa057c82d89e694a8_1280.jpg","width":150,"height":118},"usages":["12304617"]},{"id":"user-image-Capturadepantalla2025-05-01205158.png","fileName":"Capturadepantalla2025-05-01205158.png","name":"Capturadepantalla2025-05-01205158","publicUrl":"https://assets.nicepagecdn.com/4df2e824/6498414/images/Capturadepantalla2025-05-01205158.png","size":751758,"hash":"b7S3SoOGzkbHdUEPBvnDj3agvdM=","width":615,"height":726,"folderId":null,"thumbnail":{"url":"https://assets.nicepagecdn.com/4df2e824/6498414/images/thumbnails/Capturadepantalla2025-05-01205158.png","width":127,"height":150},"usages":["275543257"]},{"id":"user-image-Capturadepantalla2025-05-01205054.png","fileName":"Capturadepantalla2025-05-01205054.png","name":"Capturadepantalla2025-05-01205054","publicUrl":"https://assets.nicepagecdn.com/4df2e824/6498414/images/Capturadepantalla2025-05-01205054.png","size":591564,"hash":"aZPeOLH5CuywSzUpsRxqa7Xx9Kg=","width":598,"height":752,"folderId":null,"thumbnail":{"url":"https://assets.nicepagecdn.com/4df2e824/6498414/images/thumbnails/Capturadepantalla2025-05-01205054.png","width":119,"height":150},"usages":["275543257"]},{"id":"user-image-Capturadepantalla2025-05-01205005.png","fileName":"Capturadepantalla2025-05-01205005.png","name":"Capturadepantalla2025-05-01205005","publicUrl":"https://assets.nicepagecdn.com/4df2e824/6498414/images/Capturadepantalla2025-05-01205005.png","size":857525,"hash":"Q/icwVmpy/5/JW5KQ63+BSLjQY8=","width":740,"height":807,"folderId":null,"thumbnail":{"url":"https://assets.nicepagecdn.com/4df2e824/6498414/images/thumbnails/Capturadepantalla2025-05-01205005.png","width":138,"height":150},"usages":["275543257"]},{"id":"user-image-Capturadepantalla2025-05-01204858.png","fileName":"Capturadepantalla2025-05-01204858.png","name":"Capturadepantalla2025-05-01204858","publicUrl":"https://assets.nicepagecdn.com/4df2e824/6498414/images/Capturadepantalla2025-05-01204858.png","size":354598,"hash":"KZboSH1mn6yemhLMTCwbrBLZLTg=","width":620,"height":735,"folderId":null,"thumbnail":{"url":"https://assets.nicepagecdn.com/4df2e824/6498414/images/thumbnails/Capturadepantalla2025-05-01204858.png","width":127,"height":150},"usages":["275543257"]},{"id":"user-image-Capturadepantalla2025-05-01204808.png","fileName":"Capturadepantalla2025-05-01204808.png","name":"Capturadepantalla2025-05-01204808","publicUrl":"https://assets.nicepagecdn.com/4df2e824/6498414/images/Capturadepantalla2025-05-01204808.png","size":353853,"hash":"zVQtMan/jngraT83jI2CBEFP4zE=","width":390,"height":705,"folderId":null,"thumbnail":{"url":"https://assets.nicepagecdn.com/4df2e824/6498414/images/thumbnails/Capturadepantalla2025-05-01204808.png","width":83,"height":150},"usages":["275543257"]},{"id":"user-image-Capturadepantalla2025-05-01204513.png","fileName":"Capturadepantalla2025-05-01204513.png","name":"Capturadepantalla2025-05-01204513","publicUrl":"https://assets.nicepagecdn.com/4df2e824/6498414/images/Capturadepantalla2025-05-01204513.png","size":487593,"hash":"QiDHsz9SIn3wTpAy4fL2g6hlfyk=","width":617,"height":737,"folderId":null,"thumbnail":{"url":"https://assets.nicepagecdn.com/4df2e824/6498414/images/thumbnails/Capturadepantalla2025-05-01204513.png","width":126,"height":150},"usages":["275543257"]},{"id":"user-image-2a4e73243621b6bb08eb5e4491331ab8d89fdc8e0a60c3f4295317696152f6a8306bf6a50223a0f360db043433c82d60e250971df70b6fad0e0a93_1280.jpg","fileName":"2a4e73243621b6bb08eb5e4491331ab8d89fdc8e0a60c3f4295317696152f6a8306bf6a50223a0f360db043433c82d60e250971df70b6fad0e0a93_1280.jpg","name":"2a4e73243621b6bb08eb5e4491331ab8d89fdc8e0a60c3f4295317696152f6a8306bf6a50223a0f360db043433c82d60e250971df70b6fad0e0a93_1280","publicUrl":"https://assets.nicepagecdn.com/4df2e824/6498414/images/2a4e73243621b6bb08eb5e4491331ab8d89fdc8e0a60c3f4295317696152f6a8306bf6a50223a0f360db043433c82d60e250971df70b6fad0e0a93_1280.jpg","size":130040,"hash":"C3M2d+MwXIm5uJghWINk1eiYr8A=","width":1280,"height":853,"folderId":null,"thumbnail":{"url":"https://assets.nicepagecdn.com/4df2e824/6498414/images/thumbnails/2a4e73243621b6bb08eb5e4491331ab8d89fdc8e0a60c3f4295317696152f6a8306bf6a50223a0f360db043433c82d60e250971df70b6fad0e0a93_1280.jpg","width":150,"height":100},"usages":["275543257"]},{"id":"user-image-Capturadepantalla2025-05-01202936.png","fileName":"Capturadepantalla2025-05-01202936.png","name":"Capturadepantalla2025-05-01202936","publicUrl":"https://assets.nicepagecdn.com/4df2e824/6498414/images/Capturadepantalla2025-05-01202936.png","size":460728,"hash":"+g8LhvHXq/WD4SVmZVyWhTBRZUw=","width":736,"height":788,"folderId":null,"thumbnail":{"url":"https://assets.nicepagecdn.com/4df2e824/6498414/images/thumbnails/Capturadepantalla2025-05-01202936.png","width":140,"height":150},"usages":["12304617","275543257","2653015997"]},{"id":"user-image-Capturadepantalla2025-05-01195825.png","fileName":"Capturadepantalla2025-05-01195825.png","name":"Capturadepantalla2025-05-01195825","publicUrl":"https://assets.nicepagecdn.com/4df2e824/6498414/images/Capturadepantalla2025-05-01195825.png","size":77467,"hash":"B8nBKeEYLC/iWILi8Z3dnWamTu0=","width":995,"height":749,"folderId":null,"thumbnail":{"url":"https://assets.nicepagecdn.com/4df2e824/6498414/images/thumbnails/Capturadepantalla2025-05-01195825.png","width":150,"height":113},"usages":["12304617","275543257","2653015997"]},{"id":"user-image-g10bcf12e591dbe9a03aa739c4c43047acdb7981cf2b0f8c726bfb8df9d89e858fbe7524a97b20c3fae4d611362d458a3_1280.jpg","fileName":"g10bcf12e591dbe9a03aa739c4c43047acdb7981cf2b0f8c726bfb8df9d89e858fbe7524a97b20c3fae4d611362d458a3_1280.jpg","name":"g10bcf12e591dbe9a03aa739c4c43047acdb7981cf2b0f8c726bfb8df9d89e858fbe7524a97b20c3fae4d611362d458a3_1280","publicUrl":"https://assets.nicepagecdn.com/4df2e824/6498414/images/g10bcf12e591dbe9a03aa739c4c43047acdb7981cf2b0f8c726bfb8df9d89e858fbe7524a97b20c3fae4d611362d458a3_1280.jpg","size":254948,"hash":"s2zudhBlZglpqEaRIQJh8MAAE6w=","width":1280,"height":850,"folderId":null,"thumbnail":{"url":"https://assets.nicepagecdn.com/4df2e824/6498414/images/thumbnails/g10bcf12e591dbe9a03aa739c4c43047acdb7981cf2b0f8c726bfb8df9d89e858fbe7524a97b20c3fae4d611362d458a3_1280.jpg","width":150,"height":100},"usages":["2653015997"]},{"id":"user-image-7129f2073469fb76ff35b738227a1196c18676c7d14affcc7a3bdcc28a4edd155786ed60b662db86f3c31858253d2f520681058e1a21b6f154b575_1280.jpg","fileName":"7129f2073469fb76ff35b738227a1196c18676c7d14affcc7a3bdcc28a4edd155786ed60b662db86f3c31858253d2f520681058e1a21b6f154b575_1280.jpg","name":"7129f2073469fb76ff35b738227a1196c18676c7d14affcc7a3bdcc28a4edd155786ed60b662db86f3c31858253d2f520681058e1a21b6f154b575_1280","publicUrl":"https://assets.nicepagecdn.com/4df2e824/6498414/images/7129f2073469fb76ff35b738227a1196c18676c7d14affcc7a3bdcc28a4edd155786ed60b662db86f3c31858253d2f520681058e1a21b6f154b575_1280.jpg","size":136939,"hash":"J1a4BqCNi+wre5SFaJRip/X/74g=","width":1280,"height":853,"folderId":null,"thumbnail":{"url":"https://assets.nicepagecdn.com/4df2e824/6498414/images/thumbnails/7129f2073469fb76ff35b738227a1196c18676c7d14affcc7a3bdcc28a4edd155786ed60b662db86f3c31858253d2f520681058e1a21b6f154b575_1280.jpg","width":150,"height":100},"usages":[]},{"id":"user-image-Capturadepantalla2025-05-01195307.png","fileName":"Capturadepantalla2025-05-01195307.png","name":"Capturadepantalla2025-05-01195307","publicUrl":"https://assets.nicepagecdn.com/4df2e824/6498414/images/Capturadepantalla2025-05-01195307.png","size":590916,"hash":"BVASXhMvW27pBMWt/sDNvUpFt8s=","width":713,"height":645,"folderId":null,"thumbnail":{"url":"https://assets.nicepagecdn.com/4df2e824/6498414/images/thumbnails/Capturadepantalla2025-05-01195307.png","width":150,"height":136},"usages":["2653015997"]},{"id":"user-image-Capturadepantalla2025-05-01194931.png","fileName":"Capturadepantalla2025-05-01194931.png","name":"Capturadepantalla2025-05-01194931","publicUrl":"https://assets.nicepagecdn.com/4df2e824/6498414/images/Capturadepantalla2025-05-01194931.png","size":526206,"hash":"Je4akOZCJ6ccHX8VUNd2qFHYUsA=","width":528,"height":670,"folderId":null,"thumbnail":{"url":"https://assets.nicepagecdn.com/4df2e824/6498414/images/thumbnails/Capturadepantalla2025-05-01194931.png","width":118,"height":150},"usages":["2653015997"]},{"id":"user-image-Capturadepantalla2025-05-01194915.png","fileName":"Capturadepantalla2025-05-01194915.png","name":"Capturadepantalla2025-05-01194915","publicUrl":"https://assets.nicepagecdn.com/4df2e824/6498414/images/Capturadepantalla2025-05-01194915.png","size":555430,"hash":"t2Ap3+/sTf1MX0dplfkGk86+VL4=","width":747,"height":753,"folderId":null,"thumbnail":{"url":"https://assets.nicepagecdn.com/4df2e824/6498414/images/thumbnails/Capturadepantalla2025-05-01194915.png","width":149,"height":150},"usages":["2653015997"]},{"id":"user-image-Capturadepantalla2025-05-01194109.png","fileName":"Capturadepantalla2025-05-01194109.png","name":"Capturadepantalla2025-05-01194109","publicUrl":"https://assets.nicepagecdn.com/4df2e824/6498414/images/Capturadepantalla2025-05-01194109.png","size":912395,"hash":"Tyo2wfwuqHMM+szTwaZalOz348I=","width":993,"height":766,"folderId":null,"thumbnail":{"url":"https://assets.nicepagecdn.com/4df2e824/6498414/images/thumbnails/Capturadepantalla2025-05-01194109.png","width":150,"height":116},"usages":["2653015997"]},{"id":"user-image-Capturadepantalla2025-05-01194057.png","fileName":"Capturadepantalla2025-05-01194057.png","name":"Capturadepantalla2025-05-01194057","publicUrl":"https://assets.nicepagecdn.com/4df2e824/6498414/images/Capturadepantalla2025-05-01194057.png","size":913821,"hash":"bOxz9Fvveh36KpCOL2J04NvGBCY=","width":712,"height":707,"folderId":null,"thumbnail":{"url":"https://assets.nicepagecdn.com/4df2e824/6498414/images/thumbnails/Capturadepantalla2025-05-01194057.png","width":150,"height":149},"usages":["2653015997"]},{"id":"user-image-Capturadepantalla2025-05-01193828.png","fileName":"Capturadepantalla2025-05-01193828.png","name":"Capturadepantalla2025-05-01193828","publicUrl":"https://assets.nicepagecdn.com/4df2e824/6498414/images/Capturadepantalla2025-05-01193828.png","size":1177435,"hash":"EcKj5JH4/eX6tWBQhqT9i+Mkr7U=","width":864,"height":739,"folderId":null,"thumbnail":{"url":"https://assets.nicepagecdn.com/4df2e824/6498414/images/thumbnails/Capturadepantalla2025-05-01193828.png","width":150,"height":128},"usages":["2653015997"]},{"id":"user-image-fe56c0305893b94a62a6b41e303faf81d69b628849590cf2576256583f1737052c39d1d50a882f82ad34ede2c4469fd8d6ed821acb9489c17d936a_1280.jpg","fileName":"fe56c0305893b94a62a6b41e303faf81d69b628849590cf2576256583f1737052c39d1d50a882f82ad34ede2c4469fd8d6ed821acb9489c17d936a_1280.jpg","name":"fe56c0305893b94a62a6b41e303faf81d69b628849590cf2576256583f1737052c39d1d50a882f82ad34ede2c4469fd8d6ed821acb9489c17d936a_1280","publicUrl":"https://assets.nicepagecdn.com/4df2e824/6498414/images/fe56c0305893b94a62a6b41e303faf81d69b628849590cf2576256583f1737052c39d1d50a882f82ad34ede2c4469fd8d6ed821acb9489c17d936a_1280.jpg","size":241063,"hash":"KIklIC6iSvhAR0TXC2LxyPTu/B0=","width":1280,"height":855,"folderId":null,"thumbnail":{"url":"https://assets.nicepagecdn.com/4df2e824/6498414/images/thumbnails/fe56c0305893b94a62a6b41e303faf81d69b628849590cf2576256583f1737052c39d1d50a882f82ad34ede2c4469fd8d6ed821acb9489c17d936a_1280.jpg","width":150,"height":100},"usages":["2653015997"]},{"id":"user-image-Capturadepantalla2025-04-25225025.png","fileName":"Capturadepantalla2025-04-25225025.png","name":"Capturadepantalla2025-04-25225025","publicUrl":"https://assets.nicepagecdn.com/4df2e824/6498414/images/Capturadepantalla2025-04-25225025.png","size":50869,"hash":"EWnv9Hz73i7JcG89f9gvVv1vs/k=","width":743,"height":744,"folderId":null,"thumbnail":{"url":"https://assets.nicepagecdn.com/4df2e824/6498414/images/thumbnails/Capturadepantalla2025-04-25225025.png","width":150,"height":150},"usages":["2653015997"]},{"id":"user-image-Capturadepantalla2025-04-25222654.png","fileName":"Capturadepantalla2025-04-25222654.png","name":"Capturadepantalla2025-04-25222654","publicUrl":"https://assets.nicepagecdn.com/4df2e824/6498414/images/Capturadepantalla2025-04-25222654.png","size":389003,"hash":"SBhwQkB7s3nL1bjXuDbnU61V/Bk=","width":617,"height":729,"folderId":null,"thumbnail":{"url":"https://assets.nicepagecdn.com/4df2e824/6498414/images/thumbnails/Capturadepantalla2025-04-25222654.png","width":127,"height":150},"usages":["2653015997","12304617","275543257"]},{"id":"user-image-Capturadepantalla2025-04-25222617.png","fileName":"Capturadepantalla2025-04-25222617.png","name":"Capturadepantalla2025-04-25222617","publicUrl":"https://assets.nicepagecdn.com/4df2e824/6498414/images/Capturadepantalla2025-04-25222617.png","size":94656,"hash":"+9OMQ4g9GYstLamwpv7E3fKd904=","width":613,"height":729,"folderId":null,"thumbnail":{"url":"https://assets.nicepagecdn.com/4df2e824/6498414/images/thumbnails/Capturadepantalla2025-04-25222617.png","width":126,"height":150},"usages":["2653015997"]},{"id":"user-image-Capturadepantalla2025-04-25222557.png","fileName":"Capturadepantalla2025-04-25222557.png","name":"Capturadepantalla2025-04-25222557","publicUrl":"https://assets.nicepagecdn.com/4df2e824/6498414/images/Capturadepantalla2025-04-25222557.png","size":472232,"hash":"0Q//F3XPeuXmCLhFlF1YnS0FQcI=","width":748,"height":726,"folderId":null,"thumbnail":{"url":"https://assets.nicepagecdn.com/4df2e824/6498414/images/thumbnails/Capturadepantalla2025-04-25222557.png","width":150,"height":146},"usages":["2653015997","12304617","275543257"]},{"id":"user-image-Capturadepantalla2025-04-25222541.png","fileName":"Capturadepantalla2025-04-25222541.png","name":"Capturadepantalla2025-04-25222541","publicUrl":"https://assets.nicepagecdn.com/4df2e824/6498414/images/Capturadepantalla2025-04-25222541.png","size":178946,"hash":"q0l77ikgqFUFX1umLSje5enKmFI=","width":741,"height":757,"folderId":null,"thumbnail":{"url":"https://assets.nicepagecdn.com/4df2e824/6498414/images/thumbnails/Capturadepantalla2025-04-25222541.png","width":147,"height":150},"usages":["2653015997"]},{"id":"user-image-Capturadepantalla2025-04-25222509.png","fileName":"Capturadepantalla2025-04-25222509.png","name":"Capturadepantalla2025-04-25222509","publicUrl":"https://assets.nicepagecdn.com/4df2e824/6498414/images/Capturadepantalla2025-04-25222509.png","size":442366,"hash":"V7JtWNxR7THh3x3lEjXrHl2oKiU=","width":742,"height":751,"folderId":null,"thumbnail":{"url":"https://assets.nicepagecdn.com/4df2e824/6498414/images/thumbnails/Capturadepantalla2025-04-25222509.png","width":148,"height":150},"usages":["2653015997","12304617","275543257"]},{"id":"user-image-Capturadepantalla2025-04-25222451.png","fileName":"Capturadepantalla2025-04-25222451.png","name":"Capturadepantalla2025-04-25222451","publicUrl":"https://assets.nicepagecdn.com/4df2e824/6498414/images/Capturadepantalla2025-04-25222451.png","size":617661,"hash":"M6yrTmnG7P66H1SBGxD4AIMFPUE=","width":744,"height":684,"folderId":null,"thumbnail":{"url":"https://assets.nicepagecdn.com/4df2e824/6498414/images/thumbnails/Capturadepantalla2025-04-25222451.png","width":150,"height":138},"usages":["2653015997"]},{"id":"user-image-Capturadepantalla2025-04-25205911.png","fileName":"Capturadepantalla2025-04-25205911.png","name":"Capturadepantalla2025-04-25205911","publicUrl":"https://assets.nicepagecdn.com/4df2e824/6498414/images/Capturadepantalla2025-04-25205911.png","size":256205,"hash":"kI/A23sF1wRBaLvQP+RIFzgIGYs=","width":495,"height":584,"folderId":null,"thumbnail":{"url":"https://assets.nicepagecdn.com/4df2e824/6498414/images/thumbnails/Capturadepantalla2025-04-25205911.png","width":127,"height":150},"usages":["2653015997","12304617","275543257"]},{"id":"user-image-Capturadepantalla2025-04-25205817.png","fileName":"Capturadepantalla2025-04-25205817.png","name":"Capturadepantalla2025-04-25205817","publicUrl":"https://assets.nicepagecdn.com/4df2e824/6498414/images/Capturadepantalla2025-04-25205817.png","size":645337,"hash":"dn7eKsX7M+TiG9U3thT3RqVmpmg=","width":623,"height":754,"folderId":null,"thumbnail":{"url":"https://assets.nicepagecdn.com/4df2e824/6498414/images/thumbnails/Capturadepantalla2025-04-25205817.png","width":124,"height":150},"usages":["2653015997"]},{"id":"user-image-Capturadepantalla2025-04-25205115.png","fileName":"Capturadepantalla2025-04-25205115.png","name":"Capturadepantalla2025-04-25205115","publicUrl":"https://assets.nicepagecdn.com/4df2e824/6498414/images/Capturadepantalla2025-04-25205115.png","size":369180,"hash":"gf/Q6jpcwjPumXRm10MfnyW4QGQ=","width":619,"height":722,"folderId":null,"thumbnail":{"url":"https://assets.nicepagecdn.com/4df2e824/6498414/images/thumbnails/Capturadepantalla2025-04-25205115.png","width":129,"height":150},"usages":["2653015997","12304617","275543257"]},{"id":"user-image-Capturadepantalla2025-04-25205101.png","fileName":"Capturadepantalla2025-04-25205101.png","name":"Capturadepantalla2025-04-25205101","publicUrl":"https://assets.nicepagecdn.com/4df2e824/6498414/images/Capturadepantalla2025-04-25205101.png","size":408557,"hash":"0ZXQi71JwJumu39m9DJoy8zThTU=","width":617,"height":722,"folderId":null,"thumbnail":{"url":"https://assets.nicepagecdn.com/4df2e824/6498414/images/thumbnails/Capturadepantalla2025-04-25205101.png","width":128,"height":150},"usages":["2653015997"]},{"id":"user-image-Capturadepantalla2025-04-25205041.png","fileName":"Capturadepantalla2025-04-25205041.png","name":"Capturadepantalla2025-04-25205041","publicUrl":"https://assets.nicepagecdn.com/4df2e824/6498414/images/Capturadepantalla2025-04-25205041.png","size":61629,"hash":"+1LsC3gZT8ccmL6+XUtc3R7HFaw=","width":847,"height":811,"folderId":null,"thumbnail":{"url":"https://assets.nicepagecdn.com/4df2e824/6498414/images/thumbnails/Capturadepantalla2025-04-25205041.png","width":150,"height":144},"usages":["2653015997"]},{"id":"user-image-Capturadepantalla2025-04-25203021.png","fileName":"Capturadepantalla2025-04-25203021.png","name":"Capturadepantalla2025-04-25203021","publicUrl":"https://assets.nicepagecdn.com/4df2e824/6498414/images/Capturadepantalla2025-04-25203021.png","size":574008,"hash":"wlQ0R3CEmOTK2KuMvEBbqZwnFYU=","width":498,"height":667,"folderId":null,"thumbnail":{"url":"https://assets.nicepagecdn.com/4df2e824/6498414/images/thumbnails/Capturadepantalla2025-04-25203021.png","width":112,"height":150},"usages":["2653015997"]},{"id":"user-image-Capturadepantalla2025-04-25203003.png","fileName":"Capturadepantalla2025-04-25203003.png","name":"Capturadepantalla2025-04-25203003","publicUrl":"https://assets.nicepagecdn.com/4df2e824/6498414/images/Capturadepantalla2025-04-25203003.png","size":281682,"hash":"p+Rjiar5RgrXu+8luk8V18/BJYE=","width":413,"height":555,"folderId":null,"thumbnail":{"url":"https://assets.nicepagecdn.com/4df2e824/6498414/images/thumbnails/Capturadepantalla2025-04-25203003.png","width":112,"height":150},"usages":["2653015997"]},{"id":"user-image-Capturadepantalla2025-04-25202732.png","fileName":"Capturadepantalla2025-04-25202732.png","name":"Capturadepantalla2025-04-25202732","publicUrl":"https://assets.nicepagecdn.com/4df2e824/6498414/images/Capturadepantalla2025-04-25202732.png","size":653026,"hash":"umD2XzqePnpjtbOUON5FuOwZ5cg=","width":813,"height":706,"folderId":null,"thumbnail":{"url":"https://assets.nicepagecdn.com/4df2e824/6498414/images/thumbnails/Capturadepantalla2025-04-25202732.png","width":150,"height":130},"usages":["2653015997"]},{"id":"user-image-Capturadepantalla2025-04-25202720.png","fileName":"Capturadepantalla2025-04-25202720.png","name":"Capturadepantalla2025-04-25202720","publicUrl":"https://assets.nicepagecdn.com/4df2e824/6498414/images/Capturadepantalla2025-04-25202720.png","size":708682,"hash":"zjARCqPypot29vSEpHcyGAzFuIA=","width":817,"height":706,"folderId":null,"thumbnail":{"url":"https://assets.nicepagecdn.com/4df2e824/6498414/images/thumbnails/Capturadepantalla2025-04-25202720.png","width":150,"height":130},"usages":["2653015997"]},{"id":"user-image-Capturadepantalla2025-04-25202703.png","fileName":"Capturadepantalla2025-04-25202703.png","name":"Capturadepantalla2025-04-25202703","publicUrl":"https://assets.nicepagecdn.com/4df2e824/6498414/images/Capturadepantalla2025-04-25202703.png","size":472553,"hash":"dnOpE9/sgBJnf76FHmpvabUuzJo=","width":809,"height":703,"folderId":null,"thumbnail":{"url":"https://assets.nicepagecdn.com/4df2e824/6498414/images/thumbnails/Capturadepantalla2025-04-25202703.png","width":150,"height":130},"usages":["2653015997"]},{"id":"user-image-Capturadepantalla2025-04-25202647.png","fileName":"Capturadepantalla2025-04-25202647.png","name":"Capturadepantalla2025-04-25202647","publicUrl":"https://assets.nicepagecdn.com/4df2e824/6498414/images/Capturadepantalla2025-04-25202647.png","size":356389,"hash":"O79doHtnNXiKlWxMWNMuuPAgc3M=","width":500,"height":656,"folderId":null,"thumbnail":{"url":"https://assets.nicepagecdn.com/4df2e824/6498414/images/thumbnails/Capturadepantalla2025-04-25202647.png","width":114,"height":150},"usages":["2653015997"]},{"id":"user-image-Capturadepantalla2025-04-25201805.png","fileName":"Capturadepantalla2025-04-25201805.png","name":"Capturadepantalla2025-04-25201805","publicUrl":"https://assets.nicepagecdn.com/4df2e824/6498414/images/Capturadepantalla2025-04-25201805.png","size":490253,"hash":"zlXS9J1C2bofh2wWWcjf+Lg+qf4=","width":584,"height":706,"folderId":null,"thumbnail":{"url":"https://assets.nicepagecdn.com/4df2e824/6498414/images/thumbnails/Capturadepantalla2025-04-25201805.png","width":124,"height":150},"usages":["2653015997"]},{"id":"user-image-Capturadepantalla2025-04-25191535.png","fileName":"Capturadepantalla2025-04-25191535.png","name":"Capturadepantalla2025-04-25191535","publicUrl":"https://assets.nicepagecdn.com/4df2e824/6498414/images/Capturadepantalla2025-04-25191535.png","size":215544,"hash":"x+hpZwGxXIIoCXlYYiuFmgjXEUs=","width":492,"height":714,"folderId":null,"thumbnail":{"url":"https://assets.nicepagecdn.com/4df2e824/6498414/images/thumbnails/Capturadepantalla2025-04-25191535.png","width":103,"height":150},"usages":["2653015997"]},{"id":"user-image-Capturadepantalla2025-04-25191624.png","fileName":"Capturadepantalla2025-04-25191624.png","name":"Capturadepantalla2025-04-25191624","publicUrl":"https://assets.nicepagecdn.com/4df2e824/6498414/images/Capturadepantalla2025-04-25191624.png","size":94859,"hash":"x8PGCfscu8iRl9Za20Tf8XZgQ5E=","width":487,"height":605,"folderId":null,"thumbnail":{"url":"https://assets.nicepagecdn.com/4df2e824/6498414/images/thumbnails/Capturadepantalla2025-04-25191624.png","width":121,"height":150},"usages":["product:4","2653015997"]},{"id":"user-image-Capturadepantalla2025-04-25191610.png","fileName":"Capturadepantalla2025-04-25191610.png","name":"Capturadepantalla2025-04-25191610","publicUrl":"https://assets.nicepagecdn.com/4df2e824/6498414/images/Capturadepantalla2025-04-25191610.png","size":95798,"hash":"MxUYjFqkNhIfnHx1sPTH5127kDQ=","width":494,"height":639,"folderId":null,"thumbnail":{"url":"https://assets.nicepagecdn.com/4df2e824/6498414/images/thumbnails/Capturadepantalla2025-04-25191610.png","width":116,"height":150},"usages":["product:3","2653015997"]},{"id":"user-image-Capturadepantalla2025-04-17164421.png","fileName":"Capturadepantalla2025-04-17164421.png","name":"Capturadepantalla2025-04-17164421","publicUrl":"https://assets.nicepagecdn.com/4df2e824/6498414/images/Capturadepantalla2025-04-17164421.png","size":146724,"hash":"yEcz9QO6c/5AGzrgxgu4NlMj8gA=","width":701,"height":646,"folderId":null,"thumbnail":{"url":"https://assets.nicepagecdn.com/4df2e824/6498414/images/thumbnails/Capturadepantalla2025-04-17164421.png","width":150,"height":138},"usages":["product:2","2653015997"]},{"id":"user-image-Capturadepantalla2025-04-17162825.png","fileName":"Capturadepantalla2025-04-17162825.png","name":"Capturadepantalla2025-04-17162825","publicUrl":"https://assets.nicepagecdn.com/4df2e824/6498414/images/Capturadepantalla2025-04-17162825.png","size":159670,"hash":"HtpWwdjFNPOW49MFbw/fsNfDOaw=","width":917,"height":748,"folderId":null,"thumbnail":{"url":"https://assets.nicepagecdn.com/4df2e824/6498414/images/thumbnails/Capturadepantalla2025-04-17162825.png","width":150,"height":122},"usages":["product:1","2653015997"]},{"id":"user-image-Capturadepantalla2025-04-17162319.png","fileName":"Capturadepantalla2025-04-17162319.png","name":"Capturadepantalla2025-04-17162319","publicUrl":"https://assets.nicepagecdn.com/4df2e824/6498414/images/Capturadepantalla2025-04-17162319.png","size":214296,"hash":"5y+dGCq6bzBe1nr/c4OKm+A5rpw=","width":664,"height":721,"folderId":null,"thumbnail":{"url":"https://assets.nicepagecdn.com/4df2e824/6498414/images/thumbnails/Capturadepantalla2025-04-17162319.png","width":138,"height":150},"usages":[]},{"id":"user-image-8f3808f485bd71223e73e7029142afc8062fa68cb4e41eecf20a2e8ce58b04ad53ac5d318d77895a7bca82cabbc7d29ac6aca4df0f6ab41630987a_1280.jpg","fileName":"8f3808f485bd71223e73e7029142afc8062fa68cb4e41eecf20a2e8ce58b04ad53ac5d318d77895a7bca82cabbc7d29ac6aca4df0f6ab41630987a_1280.jpg","name":"8f3808f485bd71223e73e7029142afc8062fa68cb4e41eecf20a2e8ce58b04ad53ac5d318d77895a7bca82cabbc7d29ac6aca4df0f6ab41630987a_1280","publicUrl":"https://assets.nicepagecdn.com/4df2e824/6498414/images/8f3808f485bd71223e73e7029142afc8062fa68cb4e41eecf20a2e8ce58b04ad53ac5d318d77895a7bca82cabbc7d29ac6aca4df0f6ab41630987a_1280.jpg","size":235151,"hash":"9/DfG7q+KQS0pP6F+NdQ8NFquAE=","width":1280,"height":853,"folderId":null,"thumbnail":{"url":"https://assets.nicepagecdn.com/4df2e824/6498414/images/thumbnails/8f3808f485bd71223e73e7029142afc8062fa68cb4e41eecf20a2e8ce58b04ad53ac5d318d77895a7bca82cabbc7d29ac6aca4df0f6ab41630987a_1280.jpg","width":150,"height":100},"usages":["2653015997"]},{"id":"user-image-f9d18adf12a1078e77bb9fd52f45017a65890f0d345d78acfebec379aa232d523d2ddbd8a1f73b3c32e0e6e5a25a7534a71eda08ab6238ec98012c_1280.jpg","fileName":"f9d18adf12a1078e77bb9fd52f45017a65890f0d345d78acfebec379aa232d523d2ddbd8a1f73b3c32e0e6e5a25a7534a71eda08ab6238ec98012c_1280.jpg","name":"f9d18adf12a1078e77bb9fd52f45017a65890f0d345d78acfebec379aa232d523d2ddbd8a1f73b3c32e0e6e5a25a7534a71eda08ab6238ec98012c_1280","publicUrl":"https://assets.nicepagecdn.com/4df2e824/6498414/images/f9d18adf12a1078e77bb9fd52f45017a65890f0d345d78acfebec379aa232d523d2ddbd8a1f73b3c32e0e6e5a25a7534a71eda08ab6238ec98012c_1280.jpg","size":229243,"hash":"rdn4ekg5C969fHtf0inEofcdzjU=","width":1280,"height":885,"folderId":null,"thumbnail":{"url":"https://assets.nicepagecdn.com/4df2e824/6498414/images/thumbnails/f9d18adf12a1078e77bb9fd52f45017a65890f0d345d78acfebec379aa232d523d2ddbd8a1f73b3c32e0e6e5a25a7534a71eda08ab6238ec98012c_1280.jpg","width":150,"height":104},"usages":[]},{"id":"user-image-3570029.png","fileName":"3570029.png","name":"3570029","publicUrl":"https://assets.nicepagecdn.com/4df2e824/6498414/images/3570029.png","size":4054,"hash":"yVXiYc3vTZWY8LvVtYSGQAEC13Y=","width":128,"height":128,"folderId":null,"thumbnail":{"url":"https://assets.nicepagecdn.com/4df2e824/6498414/images/3570029.png","width":128,"height":128},"usages":["6498415"]},{"id":"user-image-5332542.png","fileName":"5332542.png","name":"5332542","publicUrl":"https://assets.nicepagecdn.com/4df2e824/6498414/images/5332542.png","size":5432,"hash":"iVWM1NpwfYvrRU9DAfJnAkfe3hM=","width":128,"height":128,"folderId":null,"thumbnail":{"url":"https://assets.nicepagecdn.com/4df2e824/6498414/images/5332542.png","width":128,"height":128},"usages":["6498415","product:6"]},{"id":"user-image-651717.png","fileName":"651717.png","name":"651717","publicUrl":"https://assets.nicepagecdn.com/4df2e824/6498414/images/651717.png","size":2485,"hash":"6GcC0SrSyaLytKq8ji3pnTBcqKc=","width":128,"height":128,"folderId":null,"thumbnail":{"url":"https://assets.nicepagecdn.com/4df2e824/6498414/images/651717.png","width":128,"height":128},"usages":["6498415"]},{"id":"user-image-94174.png","fileName":"94174.png","name":"94174","publicUrl":"https://assets.nicepagecdn.com/4df2e824/6498414/images/94174.png","size":2741,"hash":"oJAWUqBgY0VE0TF8gavq1ybtyvk=","width":128,"height":128,"folderId":null,"thumbnail":{"url":"https://assets.nicepagecdn.com/4df2e824/6498414/images/94174.png","width":128,"height":128},"usages":["6498415"]},{"id":"user-image-5290258.png","fileName":"5290258.png","name":"5290258","publicUrl":"https://assets.nicepagecdn.com/4df2e824/6498414/images/5290258.png","size":2972,"hash":"6wJdmTOZWeVU1OYxwRAm5kD5q5o=","width":128,"height":128,"folderId":null,"thumbnail":{"url":"https://assets.nicepagecdn.com/4df2e824/6498414/images/5290258.png","width":128,"height":128},"usages":[]},{"id":"user-image-4615615.png","fileName":"4615615.png","name":"4615615","publicUrl":"https://assets.nicepagecdn.com/4df2e824/6498414/images/4615615.png","size":3373,"hash":"hdH0z8f0/1XGOxhb8t7xt+DYDLY=","width":128,"height":128,"folderId":null,"thumbnail":{"url":"https://assets.nicepagecdn.com/4df2e824/6498414/images/4615615.png","width":128,"height":128},"usages":["6498415"]},{"id":"user-image-695780.png","fileName":"695780.png","name":"695780","publicUrl":"https://assets.nicepagecdn.com/4df2e824/6498414/images/695780.png","size":5056,"hash":"6Q3vQH0zawJNihhyllJ+i2lA7cI=","width":128,"height":128,"folderId":null,"thumbnail":{"url":"https://assets.nicepagecdn.com/4df2e824/6498414/images/695780.png","width":128,"height":128},"usages":["6498415"]},{"id":"user-image-3626814.png","fileName":"3626814.png","name":"3626814","publicUrl":"https://assets.nicepagecdn.com/4df2e824/6498414/images/3626814.png","size":4779,"hash":"uwUsHeugA/EAKyU8lGYUf79goZs=","width":128,"height":128,"folderId":null,"thumbnail":{"url":"https://assets.nicepagecdn.com/4df2e824/6498414/images/3626814.png","width":128,"height":128},"usages":["6498415"]},{"id":"user-image-2195664.png","fileName":"2195664.png","name":"2195664","publicUrl":"https://assets.nicepagecdn.com/4df2e824/6498414/images/2195664.png","size":4711,"hash":"XFGn/Gn218NfJiyi/piSSfnJ2Zo=","width":128,"height":128,"folderId":null,"thumbnail":{"url":"https://assets.nicepagecdn.com/4df2e824/6498414/images/2195664.png","width":128,"height":128},"usages":[]},{"id":"user-image-3771156.png","fileName":"3771156.png","name":"3771156","publicUrl":"https://assets.nicepagecdn.com/4df2e824/6498414/images/3771156.png","size":3989,"hash":"g9kJRAgSOUtc5I4Y+lPimTx/whk=","width":128,"height":128,"folderId":null,"thumbnail":{"url":"https://assets.nicepagecdn.com/4df2e824/6498414/images/3771156.png","width":128,"height":128},"usages":["6498415"]},{"id":"user-image-2450739.png","fileName":"2450739.png","name":"2450739","publicUrl":"https://assets.nicepagecdn.com/4df2e824/6498414/images/2450739.png","size":3437,"hash":"tfKNMkNozcaKqX05+mK/m0YKyaM=","width":128,"height":128,"folderId":null,"thumbnail":{"url":"https://assets.nicepagecdn.com/4df2e824/6498414/images/2450739.png","width":128,"height":128},"usages":["6498415"]},{"id":"user-image-2436596.png","fileName":"2436596.png","name":"2436596","publicUrl":"https://assets.nicepagecdn.com/4df2e824/6498414/images/2436596.png","size":6347,"hash":"ikN9ryFfe8XjhhAE9vgtVa04p3w=","width":128,"height":128,"folderId":null,"thumbnail":{"url":"https://assets.nicepagecdn.com/4df2e824/6498414/images/2436596.png","width":128,"height":128},"usages":[]},{"id":"user-image-2436635.png","fileName":"2436635.png","name":"2436635","publicUrl":"https://assets.nicepagecdn.com/4df2e824/6498414/images/2436635.png","size":10398,"hash":"cX/WZ9Z2MqaCqa7I6e+XhdtJC5Y=","width":128,"height":128,"folderId":null,"thumbnail":{"url":"https://assets.nicepagecdn.com/4df2e824/6498414/images/2436635.png","width":128,"height":128},"usages":[]},{"id":"user-image-3898082.png","fileName":"3898082.png","name":"3898082","publicUrl":"https://assets.nicepagecdn.com/4df2e824/6498414/images/3898082.png","size":11584,"hash":"8onwkEgkxTm4Ku4AYI9EVD70Lr4=","width":128,"height":128,"folderId":null,"thumbnail":{"url":"https://assets.nicepagecdn.com/4df2e824/6498414/images/3898082.png","width":128,"height":128},"usages":[]},{"id":"user-image-photo_2025-04-25_15-43-57.jpg","fileName":"photo_2025-04-25_15-43-57.jpg","name":"photo_2025-04-25_15-43-57","publicUrl":"https://assets.nicepagecdn.com/4df2e824/6498414/images/photo_2025-04-25_15-43-57.jpg","size":232554,"hash":"L2BlE7LdUb7MxGU/Z8PSS3WXu08=","width":1280,"height":960,"folderId":null,"thumbnail":{"url":"https://assets.nicepagecdn.com/4df2e824/6498414/images/thumbnails/photo_2025-04-25_15-43-57.jpg","width":150,"height":113},"usages":["6498415"]},{"id":"user-image-bicentenar.png","fileName":"bicentenar.png","name":"bicentenar","publicUrl":"https://assets.nicepagecdn.com/4df2e824/6498414/images/bicentenar.png","size":8414,"hash":"Jwa9TTDmrZZNtvr9u/YJWs4I/GA=","width":277,"height":182,"folderId":null,"thumbnail":{"url":"https://assets.nicepagecdn.com/4df2e824/6498414/images/thumbnails/bicentenar.png","width":150,"height":99},"usages":[]},{"id":"user-image-12deAbril_logo.png","fileName":"12deAbril_logo.png","name":"12deAbril_logo","publicUrl":"https://assets.nicepagecdn.com/4df2e824/6498414/images/12deAbril_logo.png","size":235769,"hash":"sebfDWPpFV0mAIe++SGQeuRMrZw=","width":287,"height":330,"folderId":null,"thumbnail":{"url":"https://assets.nicepagecdn.com/4df2e824/6498414/images/thumbnails/12deAbril_logo.png","width":130,"height":150},"usages":[]}]