[{"id":6498415,"title":"Principal","order":null,"templateKey":null,"customTemplate":false,"customTemplateFilename":null,"pageLinks":["2653015997"],"dateCreated":"2025-04-25T18:57:46.963","dateUpdated":"2025-05-02T03:46:35.148Z","folderId":null,"pageName":"Principal_6498415","sectionCount":7,"status":2},{"id":15373355,"title":"Blog Template","order":1,"templateKey":"blog","customTemplate":false,"customTemplateFilename":null,"pageLinks":[],"dateCreated":"2025-04-25T18:58:09.904Z","dateUpdated":"2025-04-25T18:58:11.294Z","folderId":null,"pageName":"Blog Template","sectionCount":1,"status":2},{"id":2721922537,"title":"Post Template","order":2,"templateKey":"post","customTemplate":false,"customTemplateFilename":null,"pageLinks":[],"dateCreated":"2025-04-25T18:58:10.123Z","dateUpdated":"2025-04-25T18:58:11.300Z","folderId":null,"pageName":"Post Template","sectionCount":1,"status":2},{"id":877507023,"title":"Product List Template","order":3,"templateKey":"products","customTemplate":false,"customTemplateFilename":null,"pageLinks":[],"dateCreated":"2025-04-25T18:58:10.287Z","dateUpdated":"2025-04-25T18:58:11.300Z","folderId":null,"pageName":"Product List Template","sectionCount":1,"status":2},{"id":68625005,"title":"Product Details Template","order":4,"templateKey":"product","customTemplate":false,"customTemplateFilename":null,"pageLinks":[],"dateCreated":"2025-04-25T18:58:10.457Z","dateUpdated":"2025-04-25T18:58:11.301Z","folderId":null,"pageName":"Product Details Template","sectionCount":1,"status":2},{"id":208973206,"title":"Shopping Cart Template","order":5,"templateKey":"cart","customTemplate":false,"customTemplateFilename":null,"pageLinks":[],"dateCreated":"2025-04-25T18:58:10.595Z","dateUpdated":"2025-04-25T18:58:11.302Z","folderId":null,"pageName":"Shopping Cart Template","sectionCount":1,"status":2},{"id":50127323,"title":"Login Template","order":7,"templateKey":"login","customTemplate":false,"customTemplateFilename":null,"pageLinks":[],"dateCreated":"2025-04-25T18:58:10.755Z","dateUpdated":"2025-04-25T18:58:11.303Z","folderId":null,"pageName":"Login Template","sectionCount":1,"status":2},{"id":746227600,"title":"Search Template","order":8,"templateKey":"Search","customTemplate":false,"customTemplateFilename":null,"pageLinks":[],"dateCreated":"2025-04-25T18:58:10.966Z","dateUpdated":"2025-04-25T18:58:11.303Z","folderId":null,"pageName":"Search Template","sectionCount":1,"status":2},{"id":78177686,"title":"Password Template","order":9,"templateKey":"password","customTemplate":false,"customTemplateFilename":null,"pageLinks":[],"dateCreated":"2025-04-25T18:58:11.064Z","dateUpdated":"2025-04-25T18:58:11.304Z","folderId":null,"pageName":"Password Template","sectionCount":1,"status":2},{"id":62576488,"title":"404 Not Found Template","order":10,"templateKey":"404","customTemplate":false,"customTemplateFilename":null,"pageLinks":[],"dateCreated":"2025-04-25T18:58:11.134Z","dateUpdated":"2025-04-25T18:58:11.304Z","folderId":null,"pageName":"404 Not Found Template","sectionCount":1,"status":2},{"id":208652924,"title":"Thank You Template","order":11,"templateKey":"ThankYou","customTemplate":false,"customTemplateFilename":null,"pageLinks":[],"dateCreated":"2025-04-25T18:58:11.195Z","dateUpdated":"2025-04-25T18:58:11.304Z","folderId":null,"pageName":"Thank You Template","sectionCount":1,"status":2},{"id":2653015997,"title":"mat len ed fis","order":12,"templateKey":null,"customTemplate":false,"customTemplateFilename":null,"pageLinks":[],"dateCreated":"2025-04-25T22:15:53.538Z","dateUpdated":"2025-05-02T03:31:58.539Z","folderId":null,"pageName":"mat len ed fis_2653015997","sectionCount":6,"status":2},{"id":12304617,"title":"plast relg music","order":15,"templateKey":null,"customTemplate":false,"customTemplateFilename":null,"pageLinks":[],"dateCreated":"2025-05-02T00:03:54.751Z","dateUpdated":"2025-05-02T03:46:19.294Z","folderId":null,"pageName":"plast relg music_12304617","sectionCount":6,"status":2},{"id":275543257,"title":"nat soc tec","order":16,"templateKey":null,"customTemplate":false,"customTemplateFilename":null,"pageLinks":[],"dateCreated":"2025-05-02T00:39:49.841Z","dateUpdated":"2025-05-02T03:39:11.973Z","folderId":null,"pageName":"nat soc tec_275543257","sectionCount":6,"status":2}]